zdd_id,thesis_number,magic_number,array_index,array_length,array_elements,array_signature_sorted,unique_elements,min_element,max_element
1,2020418,1,0,1,[4],[4],1,4,4
1,2020418,1,1,1,[3],[3],1,3,3
1,2020418,1,2,5,"[6,3,1,3,6]","[1,3,3,6,6]",3,1,6
1,2020418,1,3,2,"[1,4]","[1,4]",2,1,4
1,2020418,1,4,3,"[1,5,6]","[1,5,6]",3,1,6
1,2020418,1,5,2,"[1,6]","[1,6]",2,1,6
1,2020418,1,6,1,[2],[2],1,2,2
1,2020418,1,7,4,"[2,3,5,6]","[2,3,5,6]",4,2,6
1,2020418,1,8,3,"[2,3,6]","[2,3,6]",3,2,6
1,2020418,1,9,2,"[2,4]","[2,4]",2,2,4
1,2020418,1,10,3,"[2,5,6]","[2,5,6]",3,2,6
1,2020418,1,11,2,"[2,6]","[2,6]",2,2,6
2,2021246,1,0,1,[2],[2],1,2,2
2,2021246,1,1,1,[5],[5],1,5,5
2,2021246,1,2,4,"[1,5,7,8]","[1,5,7,8]",4,1,8
2,2021246,1,3,5,"[1,5,7,8,9]","[1,5,7,8,9]",5,1,9
2,2021246,1,4,3,"[1,5,8]","[1,5,8]",3,1,8
2,2021246,1,5,4,"[1,5,8,9]","[1,5,8,9]",4,1,9
2,2021246,1,6,3,"[1,5,9]","[1,5,9]",3,1,9
2,2021246,1,7,3,"[1,7,8]","[1,7,8]",3,1,8
2,2021246,1,8,4,"[1,7,8,9]","[1,7,8,9]",4,1,9
2,2021246,1,9,2,"[1,8]","[1,8]",2,1,8
2,2021246,1,10,3,"[1,8,9]","[1,8,9]",3,1,9
2,2021246,1,11,2,"[1,9]","[1,9]",2,1,9
2,2021246,1,12,5,"[2,5,7,8,9]","[2,5,7,8,9]",5,2,9
2,2021246,1,13,3,"[2,7,8]","[2,7,8]",3,2,8
2,2021246,1,14,4,"[2,7,8,9]","[2,7,8,9]",4,2,9
3,2021398,1,0,1,[6],[6],1,6,6
3,2021398,1,1,1,[5],[5],1,5,5
3,2021398,1,2,7,"[9,10,12,6,1,5,7]","[1,5,6,7,9,10,12]",7,1,12
3,2021398,1,3,9,"[11,12,7,1,5,7,9,11,12]","[1,5,7,7,9,11,11,12,12]",6,1,12
3,2021398,1,4,13,"[5,1,5,7,9,12,6,1,5,7,9,12,13]","[1,1,5,5,5,6,7,7,9,9,12,12,13]",7,1,13
3,2021398,1,5,5,"[1,5,9,11,12]","[1,5,9,11,12]",5,1,12
3,2021398,1,6,6,"[1,5,9,11,12,13]","[1,5,9,11,12,13]",6,1,13
3,2021398,1,7,4,"[1,5,9,12]","[1,5,9,12]",4,1,12
3,2021398,1,8,5,"[1,5,9,12,13]","[1,5,9,12,13]",5,1,13
3,2021398,1,9,2,"[1,7]","[1,7]",2,1,7
3,2021398,1,10,3,"[1,7,9]","[1,7,9]",3,1,9
3,2021398,1,11,4,"[1,7,9,10]","[1,7,9,10]",4,1,10
3,2021398,1,12,5,"[1,7,9,10,12]","[1,7,9,10,12]",5,1,12
3,2021398,1,13,4,"[1,7,9,11]","[1,7,9,11]",4,1,11
3,2021398,1,14,5,"[1,7,9,11,12]","[1,7,9,11,12]",5,1,12
3,2021398,1,15,6,"[1,7,9,11,12,13]","[1,7,9,11,12,13]",6,1,13
3,2021398,1,16,5,"[1,7,9,11,13]","[1,7,9,11,13]",5,1,13
3,2021398,1,17,4,"[1,7,9,12]","[1,7,9,12]",4,1,12
3,2021398,1,18,5,"[1,7,9,12,13]","[1,7,9,12,13]",5,1,13
3,2021398,1,19,4,"[1,7,9,13]","[1,7,9,13]",4,1,13
3,2021398,1,20,3,"[1,7,10]","[1,7,10]",3,1,10
3,2021398,1,21,4,"[1,7,10,12]","[1,7,10,12]",4,1,12
3,2021398,1,22,3,"[1,7,11]","[1,7,11]",3,1,11
3,2021398,1,23,4,"[1,7,11,12]","[1,7,11,12]",4,1,12
3,2021398,1,24,5,"[1,7,11,12,13]","[1,7,11,12,13]",5,1,13
3,2021398,1,25,4,"[1,7,11,13]","[1,7,11,13]",4,1,13
3,2021398,1,26,3,"[1,7,12]","[1,7,12]",3,1,12
3,2021398,1,27,4,"[1,7,12,13]","[1,7,12,13]",4,1,13
3,2021398,1,28,3,"[1,7,13]","[1,7,13]",3,1,13
3,2021398,1,29,2,"[1,9]","[1,9]",2,1,9
3,2021398,1,30,3,"[1,9,11]","[1,9,11]",3,1,11
3,2021398,1,31,4,"[1,9,11,12]","[1,9,11,12]",4,1,12
3,2021398,1,32,5,"[1,9,11,12,13]","[1,9,11,12,13]",5,1,13
3,2021398,1,33,4,"[1,9,11,13]","[1,9,11,13]",4,1,13
3,2021398,1,34,3,"[1,9,12]","[1,9,12]",3,1,12
3,2021398,1,35,4,"[1,9,12,13]","[1,9,12,13]",4,1,13
3,2021398,1,36,3,"[1,9,13]","[1,9,13]",3,1,13
3,2021398,1,37,2,"[1,11]","[1,11]",2,1,11
3,2021398,1,38,3,"[1,11,12]","[1,11,12]",3,1,12
3,2021398,1,39,4,"[1,11,12,13]","[1,11,12,13]",4,1,13
3,2021398,1,40,3,"[1,11,13]","[1,11,13]",3,1,13
3,2021398,1,41,2,"[1,12]","[1,12]",2,1,12
3,2021398,1,42,3,"[1,12,13]","[1,12,13]",3,1,13
3,2021398,1,43,2,"[1,13]","[1,13]",2,1,13
3,2021398,1,44,1,[2],[2],1,2,2
3,2021398,1,45,6,"[2,5,7,9,11,12]","[2,5,7,9,11,12]",6,2,12
3,2021398,1,46,7,"[2,5,7,9,11,12,13]","[2,5,7,9,11,12,13]",7,2,13
3,2021398,1,47,5,"[2,5,7,9,12]","[2,5,7,9,12]",5,2,12
3,2021398,1,48,6,"[2,5,7,9,12,13]","[2,5,7,9,12,13]",6,2,13
3,2021398,1,49,5,"[2,5,7,11,12]","[2,5,7,11,12]",5,2,12
3,2021398,1,50,6,"[2,5,7,11,12,13]","[2,5,7,11,12,13]",6,2,13
3,2021398,1,51,4,"[2,5,7,12]","[2,5,7,12]",4,2,12
3,2021398,1,52,5,"[2,5,7,12,13]","[2,5,7,12,13]",5,2,13
3,2021398,1,53,5,"[2,5,9,11,12]","[2,5,9,11,12]",5,2,12
3,2021398,1,54,6,"[2,5,9,11,12,13]","[2,5,9,11,12,13]",6,2,13
3,2021398,1,55,4,"[2,5,9,12]","[2,5,9,12]",4,2,12
3,2021398,1,56,5,"[2,5,9,12,13]","[2,5,9,12,13]",5,2,13
3,2021398,1,57,4,"[2,5,11,12]","[2,5,11,12]",4,2,12
3,2021398,1,58,5,"[2,5,11,12,13]","[2,5,11,12,13]",5,2,13
3,2021398,1,59,3,"[2,5,12]","[2,5,12]",3,2,12
3,2021398,1,60,4,"[2,5,12,13]","[2,5,12,13]",4,2,13
3,2021398,1,61,2,"[2,7]","[2,7]",2,2,7
3,2021398,1,62,3,"[2,7,9]","[2,7,9]",3,2,9
3,2021398,1,63,4,"[2,7,9,11]","[2,7,9,11]",4,2,11
3,2021398,1,64,5,"[2,7,9,11,12]","[2,7,9,11,12]",5,2,12
3,2021398,1,65,6,"[2,7,9,11,12,13]","[2,7,9,11,12,13]",6,2,13
3,2021398,1,66,5,"[2,7,9,11,13]","[2,7,9,11,13]",5,2,13
3,2021398,1,67,4,"[2,7,9,12]","[2,7,9,12]",4,2,12
3,2021398,1,68,5,"[2,7,9,12,13]","[2,7,9,12,13]",5,2,13
3,2021398,1,69,4,"[2,7,9,13]","[2,7,9,13]",4,2,13
3,2021398,1,70,3,"[2,7,11]","[2,7,11]",3,2,11
3,2021398,1,71,4,"[2,7,11,12]","[2,7,11,12]",4,2,12
3,2021398,1,72,5,"[2,7,11,12,13]","[2,7,11,12,13]",5,2,13
3,2021398,1,73,4,"[2,7,11,13]","[2,7,11,13]",4,2,13
3,2021398,1,74,3,"[2,7,12]","[2,7,12]",3,2,12
3,2021398,1,75,4,"[2,7,12,13]","[2,7,12,13]",4,2,13
3,2021398,1,76,3,"[2,7,13]","[2,7,13]",3,2,13
3,2021398,1,77,2,"[2,9]","[2,9]",2,2,9
3,2021398,1,78,3,"[2,9,11]","[2,9,11]",3,2,11
3,2021398,1,79,4,"[2,9,11,12]","[2,9,11,12]",4,2,12
3,2021398,1,80,5,"[2,9,11,12,13]","[2,9,11,12,13]",5,2,13
3,2021398,1,81,4,"[2,9,11,13]","[2,9,11,13]",4,2,13
3,2021398,1,82,3,"[2,9,12]","[2,9,12]",3,2,12
3,2021398,1,83,4,"[2,9,12,13]","[2,9,12,13]",4,2,13
3,2021398,1,84,3,"[2,9,13]","[2,9,13]",3,2,13
3,2021398,1,85,2,"[2,11]","[2,11]",2,2,11
3,2021398,1,86,3,"[2,11,12]","[2,11,12]",3,2,12
3,2021398,1,87,4,"[2,11,12,13]","[2,11,12,13]",4,2,13
3,2021398,1,88,3,"[2,11,13]","[2,11,13]",3,2,13
3,2021398,1,89,2,"[2,12]","[2,12]",2,2,12
3,2021398,1,90,3,"[2,12,13]","[2,12,13]",3,2,13
3,2021398,1,91,2,"[2,13]","[2,13]",2,2,13
4,2021537,1,0,1,[3],[3],1,3,3
4,2021537,1,1,1,[5],[5],1,5,5
4,2021537,1,2,8,"[5,1,5,8,9,15,4,1]","[1,1,4,5,5,8,9,15]",6,1,15
4,2021537,1,3,5,"[8,15,2,1,8]","[1,2,8,8,15]",4,1,15
4,2021537,1,4,4,"[1,8,9,15]","[1,8,9,15]",4,1,15
4,2021537,1,5,3,"[1,8,15]","[1,8,15]",3,1,15
4,2021537,1,6,3,"[1,9,15]","[1,9,15]",3,1,15
4,2021537,1,7,2,"[1,15]","[1,15]",2,1,15
4,2021537,1,8,1,[2],[2],1,2,2
4,2021537,1,9,3,"[2,5,8]","[2,5,8]",3,2,8
4,2021537,1,10,6,"[2,5,8,9,14,15]","[2,5,8,9,14,15]",6,2,15
4,2021537,1,11,5,"[2,5,8,9,15]","[2,5,8,9,15]",5,2,15
4,2021537,1,12,4,"[2,5,8,15]","[2,5,8,15]",4,2,15
4,2021537,1,13,2,"[2,8]","[2,8]",2,2,8
4,2021537,1,14,4,"[2,8,9,15]","[2,8,9,15]",4,2,15
4,2021537,1,15,3,"[2,8,15]","[2,8,15]",3,2,15
4,2021537,1,16,3,"[2,9,15]","[2,9,15]",3,2,15
4,2021537,1,17,2,"[2,15]","[2,15]",2,2,15
5,2023487,1,0,1,[3],[3],1,3,3
5,2023487,1,1,1,[5],[5],1,5,5
5,2023487,1,2,7,"[4,1,5,7,13,5,1]","[1,1,4,5,5,7,13]",5,1,13
5,2023487,1,3,5,"[7,13,18,4,1]","[1,4,7,13,18]",5,1,18
5,2023487,1,4,5,"[7,18,2,1,7]","[1,2,7,7,18]",4,1,18
5,2023487,1,5,3,"[1,7,13]","[1,7,13]",3,1,13
5,2023487,1,6,4,"[1,7,13,18]","[1,7,13,18]",4,1,18
5,2023487,1,7,3,"[1,7,18]","[1,7,18]",3,1,18
5,2023487,1,8,2,"[1,13]","[1,13]",2,1,13
5,2023487,1,9,5,"[1,13,16,17,18]","[1,13,16,17,18]",5,1,18
5,2023487,1,10,4,"[1,13,16,18]","[1,13,16,18]",4,1,18
5,2023487,1,11,3,"[1,13,17]","[1,13,17]",3,1,17
5,2023487,1,12,4,"[1,13,17,18]","[1,13,17,18]",4,1,18
5,2023487,1,13,3,"[1,13,18]","[1,13,18]",3,1,18
5,2023487,1,14,2,"[1,17]","[1,17]",2,1,17
5,2023487,1,15,3,"[1,17,18]","[1,17,18]",3,1,18
5,2023487,1,16,2,"[1,18]","[1,18]",2,1,18
5,2023487,1,17,1,[2],[2],1,2,2
5,2023487,1,18,2,"[2,5]","[2,5]",2,2,5
5,2023487,1,19,3,"[2,5,7]","[2,5,7]",3,2,7
5,2023487,1,20,4,"[2,5,7,13]","[2,5,7,13]",4,2,13
5,2023487,1,21,6,"[2,5,7,13,16,18]","[2,5,7,13,16,18]",6,2,18
5,2023487,1,22,5,"[2,5,7,13,18]","[2,5,7,13,18]",5,2,18
5,2023487,1,23,4,"[2,5,7,18]","[2,5,7,18]",4,2,18
5,2023487,1,24,3,"[2,5,13]","[2,5,13]",3,2,13
5,2023487,1,25,6,"[2,5,13,16,17,18]","[2,5,13,16,17,18]",6,2,18
5,2023487,1,26,5,"[2,5,13,16,18]","[2,5,13,16,18]",5,2,18
5,2023487,1,27,4,"[2,5,13,17]","[2,5,13,17]",4,2,17
5,2023487,1,28,5,"[2,5,13,17,18]","[2,5,13,17,18]",5,2,18
5,2023487,1,29,4,"[2,5,13,18]","[2,5,13,18]",4,2,18
5,2023487,1,30,3,"[2,5,17]","[2,5,17]",3,2,17
5,2023487,1,31,4,"[2,5,17,18]","[2,5,17,18]",4,2,18
5,2023487,1,32,3,"[2,5,18]","[2,5,18]",3,2,18
5,2023487,1,33,2,"[2,7]","[2,7]",2,2,7
5,2023487,1,34,3,"[2,7,13]","[2,7,13]",3,2,13
5,2023487,1,35,5,"[2,7,13,16,18]","[2,7,13,16,18]",5,2,18
5,2023487,1,36,4,"[2,7,13,18]","[2,7,13,18]",4,2,18
5,2023487,1,37,3,"[2,7,18]","[2,7,18]",3,2,18
5,2023487,1,38,2,"[2,13]","[2,13]",2,2,13
5,2023487,1,39,5,"[2,13,16,17,18]","[2,13,16,17,18]",5,2,18
5,2023487,1,40,4,"[2,13,16,18]","[2,13,16,18]",4,2,18
5,2023487,1,41,3,"[2,13,17]","[2,13,17]",3,2,17
5,2023487,1,42,4,"[2,13,17,18]","[2,13,17,18]",4,2,18
5,2023487,1,43,3,"[2,13,18]","[2,13,18]",3,2,18
5,2023487,1,44,2,"[2,17]","[2,17]",2,2,17
5,2023487,1,45,3,"[2,17,18]","[2,17,18]",3,2,18
5,2023487,1,46,2,"[2,18]","[2,18]",2,2,18
6,2025237,1,0,1,[4],[4],1,4,4
6,2025237,1,1,1,[5],[5],1,5,5
6,2025237,1,2,8,"[9,5,1,5,8,9,13,7]","[1,5,5,7,8,9,9,13]",6,1,13
6,2025237,1,3,1,[5],[5],1,5,5
6,2025237,1,4,8,"[9,13,19,20,6,1,5,8]","[1,5,6,8,9,13,19,20]",8,1,20
6,2025237,1,5,9,"[13,20,5,1,5,8,9,20,3]","[1,3,5,5,8,9,13,20,20]",7,1,20
6,2025237,1,6,1,[8],[8],1,8,8
6,2025237,1,7,9,"[4,1,8,9,13,6,1,8,9]","[1,1,4,6,8,8,9,9,13]",6,1,13
6,2025237,1,8,13,"[19,20,5,1,8,9,13,20,4,1,8,9,20]","[1,1,4,5,8,8,9,9,13,19,20,20,20]",8,1,20
6,2025237,1,9,2,"[1,9]","[1,9]",2,1,9
6,2025237,1,10,3,"[1,9,13]","[1,9,13]",3,1,13
6,2025237,1,11,5,"[1,9,13,19,20]","[1,9,13,19,20]",5,1,20
6,2025237,1,12,4,"[1,9,13,20]","[1,9,13,20]",4,1,20
6,2025237,1,13,3,"[1,9,20]","[1,9,20]",3,1,20
6,2025237,1,14,2,"[1,13]","[1,13]",2,1,13
6,2025237,1,15,4,"[1,13,19,20]","[1,13,19,20]",4,1,20
6,2025237,1,16,3,"[1,13,20]","[1,13,20]",3,1,20
6,2025237,1,17,2,"[1,20]","[1,20]",2,1,20
6,2025237,1,18,1,[2],[2],1,2,2
6,2025237,1,19,4,"[2,5,8,9]","[2,5,8,9]",4,2,9
6,2025237,1,20,5,"[2,5,8,9,13]","[2,5,8,9,13]",5,2,13
6,2025237,1,21,7,"[2,5,8,9,13,19,20]","[2,5,8,9,13,19,20]",7,2,20
6,2025237,1,22,6,"[2,5,8,9,13,20]","[2,5,8,9,13,20]",6,2,20
6,2025237,1,23,5,"[2,5,8,9,20]","[2,5,8,9,20]",5,2,20
6,2025237,1,24,3,"[2,8,9]","[2,8,9]",3,2,9
6,2025237,1,25,4,"[2,8,9,13]","[2,8,9,13]",4,2,13
6,2025237,1,26,6,"[2,8,9,13,19,20]","[2,8,9,13,19,20]",6,2,20
6,2025237,1,27,5,"[2,8,9,13,20]","[2,8,9,13,20]",5,2,20
6,2025237,1,28,4,"[2,8,9,20]","[2,8,9,20]",4,2,20
6,2025237,1,29,2,"[2,9]","[2,9]",2,2,9
6,2025237,1,30,3,"[2,9,13]","[2,9,13]",3,2,13
6,2025237,1,31,5,"[2,9,13,19,20]","[2,9,13,19,20]",5,2,20
6,2025237,1,32,4,"[2,9,13,20]","[2,9,13,20]",4,2,20
6,2025237,1,33,3,"[2,9,20]","[2,9,20]",3,2,20
6,2025237,1,34,2,"[2,13]","[2,13]",2,2,13
6,2025237,1,35,4,"[2,13,19,20]","[2,13,19,20]",4,2,20
6,2025237,1,36,3,"[2,13,20]","[2,13,20]",3,2,20
6,2025237,1,37,2,"[2,20]","[2,20]",2,2,20
7,2025433,1,0,1,[3],[3],1,3,3
7,2025433,1,1,1,[4],[4],1,4,4
7,2025433,1,2,7,"[4,1,4,7,8,5,1]","[1,1,4,4,5,7,8]",5,1,8
7,2025433,1,3,4,"[7,8,21,6]","[6,7,8,21]",4,6,21
7,2025433,1,4,1,[4],[4],1,4,4
7,2025433,1,5,7,"[8,21,22,5,1,4,7]","[1,4,5,7,8,21,22]",7,1,22
7,2025433,1,6,8,"[22,4,1,4,7,21,2,1]","[1,1,2,4,4,7,21,22]",6,1,22
7,2025433,1,7,7,"[3,1,7,8,4,1,7]","[1,1,3,4,7,7,8]",5,1,8
7,2025433,1,8,8,"[21,5,1,7,8,21,22,4]","[1,4,5,7,8,21,21,22]",7,1,22
7,2025433,1,9,1,[7],[7],1,7,7
7,2025433,1,10,8,"[22,3,1,7,21,2,1,8]","[1,1,2,3,7,8,21,22]",7,1,22
7,2025433,1,11,3,"[1,8,22]","[1,8,22]",3,1,22
7,2025433,1,12,1,[2],[2],1,2,2
7,2025433,1,13,2,"[2,4]","[2,4]",2,2,4
7,2025433,1,14,3,"[2,4,7]","[2,4,7]",3,2,7
7,2025433,1,15,4,"[2,4,7,8]","[2,4,7,8]",4,2,8
7,2025433,1,16,5,"[2,4,7,8,22]","[2,4,7,8,22]",5,2,22
7,2025433,1,17,3,"[2,4,8]","[2,4,8]",3,2,8
7,2025433,1,18,4,"[2,4,8,22]","[2,4,8,22]",4,2,22
7,2025433,1,19,2,"[2,7]","[2,7]",2,2,7
7,2025433,1,20,3,"[2,7,8]","[2,7,8]",3,2,8
7,2025433,1,21,4,"[2,7,8,22]","[2,7,8,22]",4,2,22
7,2025433,1,22,2,"[2,8]","[2,8]",2,2,8
7,2025433,1,23,3,"[2,8,22]","[2,8,22]",3,2,22
8,2029251,1,0,1,[2],[2],1,2,2
8,2029251,1,1,1,[18],[18],1,18,18
8,2029251,1,2,3,"[1,18,19]","[1,18,19]",3,1,19
8,2029251,1,3,4,"[1,18,19,23]","[1,18,19,23]",4,1,23
8,2029251,1,4,3,"[1,18,23]","[1,18,23]",3,1,23
8,2029251,1,5,2,"[1,23]","[1,23]",2,1,23
8,2029251,1,6,1,[2],[2],1,2,2
8,2029251,1,7,2,"[2,18]","[2,18]",2,2,18
8,2029251,1,8,3,"[2,18,19]","[2,18,19]",3,2,19
8,2029251,1,9,5,"[2,18,19,20,23]","[2,18,19,20,23]",5,2,23
8,2029251,1,10,4,"[2,18,19,23]","[2,18,19,23]",4,2,23
8,2029251,1,11,3,"[2,18,23]","[2,18,23]",3,2,23
8,2029251,1,12,2,"[2,23]","[2,23]",2,2,23
9,2030499,1,0,1,[7],[7],1,7,7
9,2030499,1,1,1,[4],[4],1,4,4
9,2030499,1,2,5,"[7,8,20,24,3]","[3,7,8,20,24]",5,3,24
9,2030499,1,3,1,[4],[4],1,4,4
9,2030499,1,4,7,"[4,1,4,7,8,5,1]","[1,1,4,4,5,7,8]",5,1,8
9,2030499,1,5,4,"[7,8,20,6]","[6,7,8,20]",4,6,20
9,2030499,1,6,1,[4],[4],1,4,4
9,2030499,1,7,7,"[8,20,24,5,1,4,7]","[1,4,5,7,8,20,24]",7,1,24
9,2030499,1,8,8,"[24,4,1,4,7,20,6,1]","[1,1,4,4,6,7,20,24]",6,1,24
9,2030499,1,9,5,"[7,8,20,24,2]","[2,7,8,20,24]",5,2,24
9,2030499,1,10,1,[7],[7],1,7,7
9,2030499,1,11,3,"[1,7,8]","[1,7,8]",3,1,8
9,2030499,1,12,4,"[1,7,8,20]","[1,7,8,20]",4,1,20
9,2030499,1,13,5,"[1,7,8,20,24]","[1,7,8,20,24]",5,1,24
9,2030499,1,14,4,"[1,7,8,24]","[1,7,8,24]",4,1,24
9,2030499,1,15,3,"[1,7,20]","[1,7,20]",3,1,20
9,2030499,1,16,2,"[1,8]","[1,8]",2,1,8
9,2030499,1,17,3,"[1,8,20]","[1,8,20]",3,1,20
9,2030499,1,18,2,"[1,20]","[1,20]",2,1,20
9,2030499,1,19,1,[2],[2],1,2,2
9,2030499,1,20,2,"[2,4]","[2,4]",2,2,4
9,2030499,1,21,3,"[2,4,7]","[2,4,7]",3,2,7
9,2030499,1,22,4,"[2,4,7,8]","[2,4,7,8]",4,2,8
9,2030499,1,23,5,"[2,4,7,8,24]","[2,4,7,8,24]",5,2,24
9,2030499,1,24,3,"[2,4,8]","[2,4,8]",3,2,8
9,2030499,1,25,2,"[2,7]","[2,7]",2,2,7
9,2030499,1,26,3,"[2,7,8]","[2,7,8]",3,2,8
9,2030499,1,27,4,"[2,7,8,24]","[2,7,8,24]",4,2,24
9,2030499,1,28,2,"[2,8]","[2,8]",2,2,8
10,2030500,1,0,1,[5],[5],1,5,5
10,2030500,1,1,1,[5],[5],1,5,5
10,2030500,1,2,7,"[8,18,4,1,5,7,18]","[1,4,5,7,8,18,18]",6,1,18
10,2030500,1,3,6,"[1,5,7,18,26,27]","[1,5,7,18,26,27]",6,1,27
10,2030500,1,4,5,"[1,5,7,18,27]","[1,5,7,18,27]",5,1,27
10,2030500,1,5,4,"[1,5,8,18]","[1,5,8,18]",4,1,18
10,2030500,1,6,3,"[1,5,18]","[1,5,18]",3,1,18
10,2030500,1,7,5,"[1,5,18,26,27]","[1,5,18,26,27]",5,1,27
10,2030500,1,8,4,"[1,5,18,27]","[1,5,18,27]",4,1,27
10,2030500,1,9,2,"[1,7]","[1,7]",2,1,7
10,2030500,1,10,3,"[1,7,8]","[1,7,8]",3,1,8
10,2030500,1,11,4,"[1,7,8,18]","[1,7,8,18]",4,1,18
10,2030500,1,12,3,"[1,7,18]","[1,7,18]",3,1,18
10,2030500,1,13,5,"[1,7,18,26,27]","[1,7,18,26,27]",5,1,27
10,2030500,1,14,4,"[1,7,18,27]","[1,7,18,27]",4,1,27
10,2030500,1,15,4,"[1,7,26,27]","[1,7,26,27]",4,1,27
10,2030500,1,16,3,"[1,7,27]","[1,7,27]",3,1,27
10,2030500,1,17,2,"[1,8]","[1,8]",2,1,8
10,2030500,1,18,3,"[1,8,18]","[1,8,18]",3,1,18
10,2030500,1,19,2,"[1,18]","[1,18]",2,1,18
10,2030500,1,20,5,"[1,18,25,26,27]","[1,18,25,26,27]",5,1,27
10,2030500,1,21,4,"[1,18,26,27]","[1,18,26,27]",4,1,27
10,2030500,1,22,3,"[1,18,27]","[1,18,27]",3,1,27
10,2030500,1,23,4,"[1,25,26,27]","[1,25,26,27]",4,1,27
10,2030500,1,24,3,"[1,26,27]","[1,26,27]",3,1,27
10,2030500,1,25,2,"[1,27]","[1,27]",2,1,27
10,2030500,1,26,1,[2],[2],1,2,2
10,2030500,1,27,5,"[2,5,7,8,18]","[2,5,7,8,18]",5,2,18
10,2030500,1,28,4,"[2,5,7,18]","[2,5,7,18]",4,2,18
10,2030500,1,29,6,"[2,5,7,18,26,27]","[2,5,7,18,26,27]",6,2,27
10,2030500,1,30,5,"[2,5,7,18,27]","[2,5,7,18,27]",5,2,27
10,2030500,1,31,4,"[2,5,8,18]","[2,5,8,18]",4,2,18
10,2030500,1,32,3,"[2,5,18]","[2,5,18]",3,2,18
10,2030500,1,33,6,"[2,5,18,25,26,27]","[2,5,18,25,26,27]",6,2,27
10,2030500,1,34,5,"[2,5,18,26,27]","[2,5,18,26,27]",5,2,27
10,2030500,1,35,4,"[2,5,18,27]","[2,5,18,27]",4,2,27
10,2030500,1,36,2,"[2,7]","[2,7]",2,2,7
10,2030500,1,37,3,"[2,7,8]","[2,7,8]",3,2,8
10,2030500,1,38,4,"[2,7,8,18]","[2,7,8,18]",4,2,18
10,2030500,1,39,3,"[2,7,18]","[2,7,18]",3,2,18
10,2030500,1,40,5,"[2,7,18,26,27]","[2,7,18,26,27]",5,2,27
10,2030500,1,41,4,"[2,7,18,27]","[2,7,18,27]",4,2,27
10,2030500,1,42,4,"[2,7,26,27]","[2,7,26,27]",4,2,27
10,2030500,1,43,3,"[2,7,27]","[2,7,27]",3,2,27
10,2030500,1,44,2,"[2,8]","[2,8]",2,2,8
10,2030500,1,45,3,"[2,8,18]","[2,8,18]",3,2,18
10,2030500,1,46,2,"[2,18]","[2,18]",2,2,18
10,2030500,1,47,5,"[2,18,25,26,27]","[2,18,25,26,27]",5,2,27
10,2030500,1,48,4,"[2,18,26,27]","[2,18,26,27]",4,2,27
10,2030500,1,49,3,"[2,18,27]","[2,18,27]",3,2,27
10,2030500,1,50,4,"[2,25,26,27]","[2,25,26,27]",4,2,27
10,2030500,1,51,3,"[2,26,27]","[2,26,27]",3,2,27
10,2030500,1,52,2,"[2,27]","[2,27]",2,2,27
11,2030717,1,0,1,[2],[2],1,2,2
11,2030717,1,1,1,[5],[5],1,5,5
11,2030717,1,2,3,"[1,5,18]","[1,5,18]",3,1,18
11,2030717,1,3,4,"[1,5,18,28]","[1,5,18,28]",4,1,28
11,2030717,1,4,5,"[1,5,18,28,32]","[1,5,18,28,32]",5,1,32
11,2030717,1,5,4,"[1,5,18,32]","[1,5,18,32]",4,1,32
11,2030717,1,6,3,"[1,5,28]","[1,5,28]",3,1,28
11,2030717,1,7,3,"[1,5,32]","[1,5,32]",3,1,32
11,2030717,1,8,2,"[1,18]","[1,18]",2,1,18
11,2030717,1,9,3,"[1,18,28]","[1,18,28]",3,1,28
11,2030717,1,10,6,"[1,18,28,29,30,31]","[1,18,28,29,30,31]",6,1,31
11,2030717,1,11,7,"[1,18,28,29,30,31,32]","[1,18,28,29,30,31,32]",7,1,32
11,2030717,1,12,4,"[1,18,28,30]","[1,18,28,30]",4,1,30
11,2030717,1,13,5,"[1,18,28,30,31]","[1,18,28,30,31]",5,1,31
11,2030717,1,14,6,"[1,18,28,30,31,32]","[1,18,28,30,31,32]",6,1,32
11,2030717,1,15,5,"[1,18,28,30,32]","[1,18,28,30,32]",5,1,32
11,2030717,1,16,4,"[1,18,28,32]","[1,18,28,32]",4,1,32
11,2030717,1,17,5,"[1,18,29,30,31]","[1,18,29,30,31]",5,1,31
11,2030717,1,18,6,"[1,18,29,30,31,32]","[1,18,29,30,31,32]",6,1,32
11,2030717,1,19,3,"[1,18,30]","[1,18,30]",3,1,30
11,2030717,1,20,4,"[1,18,30,31]","[1,18,30,31]",4,1,31
11,2030717,1,21,5,"[1,18,30,31,32]","[1,18,30,31,32]",5,1,32
11,2030717,1,22,4,"[1,18,30,32]","[1,18,30,32]",4,1,32
11,2030717,1,23,3,"[1,18,32]","[1,18,32]",3,1,32
11,2030717,1,24,2,"[1,28]","[1,28]",2,1,28
11,2030717,1,25,5,"[1,28,29,30,31]","[1,28,29,30,31]",5,1,31
11,2030717,1,26,3,"[1,28,30]","[1,28,30]",3,1,30
11,2030717,1,27,4,"[1,28,30,31]","[1,28,30,31]",4,1,31
11,2030717,1,28,4,"[1,29,30,31]","[1,29,30,31]",4,1,31
11,2030717,1,29,5,"[1,29,30,31,32]","[1,29,30,31,32]",5,1,32
11,2030717,1,30,2,"[1,30]","[1,30]",2,1,30
11,2030717,1,31,3,"[1,30,31]","[1,30,31]",3,1,31
11,2030717,1,32,4,"[1,30,31,32]","[1,30,31,32]",4,1,32
11,2030717,1,33,3,"[1,30,32]","[1,30,32]",3,1,32
11,2030717,1,34,2,"[1,32]","[1,32]",2,1,32
11,2030717,1,35,1,[2],[2],1,2,2
11,2030717,1,36,2,"[2,5]","[2,5]",2,2,5
11,2030717,1,37,3,"[2,5,18]","[2,5,18]",3,2,18
11,2030717,1,38,4,"[2,5,18,28]","[2,5,18,28]",4,2,28
11,2030717,1,39,5,"[2,5,18,28,32]","[2,5,18,28,32]",5,2,32
11,2030717,1,40,4,"[2,5,18,32]","[2,5,18,32]",4,2,32
11,2030717,1,41,3,"[2,5,28]","[2,5,28]",3,2,28
11,2030717,1,42,3,"[2,5,32]","[2,5,32]",3,2,32
11,2030717,1,43,2,"[2,18]","[2,18]",2,2,18
11,2030717,1,44,3,"[2,18,28]","[2,18,28]",3,2,28
11,2030717,1,45,6,"[2,18,28,29,30,31]","[2,18,28,29,30,31]",6,2,31
11,2030717,1,46,7,"[2,18,28,29,30,31,32]","[2,18,28,29,30,31,32]",7,2,32
11,2030717,1,47,4,"[2,18,28,30]","[2,18,28,30]",4,2,30
11,2030717,1,48,5,"[2,18,28,30,31]","[2,18,28,30,31]",5,2,31
11,2030717,1,49,6,"[2,18,28,30,31,32]","[2,18,28,30,31,32]",6,2,32
11,2030717,1,50,5,"[2,18,28,30,32]","[2,18,28,30,32]",5,2,32
11,2030717,1,51,4,"[2,18,28,32]","[2,18,28,32]",4,2,32
11,2030717,1,52,5,"[2,18,29,30,31]","[2,18,29,30,31]",5,2,31
11,2030717,1,53,6,"[2,18,29,30,31,32]","[2,18,29,30,31,32]",6,2,32
11,2030717,1,54,3,"[2,18,30]","[2,18,30]",3,2,30
11,2030717,1,55,4,"[2,18,30,31]","[2,18,30,31]",4,2,31
11,2030717,1,56,5,"[2,18,30,31,32]","[2,18,30,31,32]",5,2,32
11,2030717,1,57,4,"[2,18,30,32]","[2,18,30,32]",4,2,32
11,2030717,1,58,3,"[2,18,32]","[2,18,32]",3,2,32
11,2030717,1,59,2,"[2,28]","[2,28]",2,2,28
11,2030717,1,60,5,"[2,28,29,30,31]","[2,28,29,30,31]",5,2,31
11,2030717,1,61,3,"[2,28,30]","[2,28,30]",3,2,30
11,2030717,1,62,4,"[2,28,30,31]","[2,28,30,31]",4,2,31
11,2030717,1,63,4,"[2,29,30,31]","[2,29,30,31]",4,2,31
11,2030717,1,64,5,"[2,29,30,31,32]","[2,29,30,31,32]",5,2,32
11,2030717,1,65,2,"[2,30]","[2,30]",2,2,30
11,2030717,1,66,3,"[2,30,31]","[2,30,31]",3,2,31
11,2030717,1,67,4,"[2,30,31,32]","[2,30,31,32]",4,2,32
11,2030717,1,68,3,"[2,30,32]","[2,30,32]",3,2,32
11,2030717,1,69,2,"[2,32]","[2,32]",2,2,32
12,unknown_12,9,0,1,[5],[5],1,5,5
12,unknown_12,9,1,7,"[33,34,35,36,37,38,8]","[8,33,34,35,36,37,38]",7,8,38
12,unknown_12,9,2,1,[5],[5],1,5,5
12,unknown_12,9,3,7,"[33,34,35,37,38,7,1]","[1,7,33,34,35,37,38]",7,1,38
12,unknown_12,9,4,5,"[7,33,34,35,38]","[7,33,34,35,38]",5,7,38
12,unknown_12,9,5,8,"[1,5,33,34,35,36,37,38]","[1,5,33,34,35,36,37,38]",8,1,38
12,unknown_12,9,6,7,"[1,5,33,34,35,36,38]","[1,5,33,34,35,36,38]",7,1,38
12,unknown_12,9,7,7,"[1,5,33,34,35,37,38]","[1,5,33,34,35,37,38]",7,1,38
12,unknown_12,9,8,6,"[1,5,33,34,35,38]","[1,5,33,34,35,38]",6,1,38
12,unknown_12,9,9,5,"[1,7,33,34,35]","[1,7,33,34,35]",5,1,35
12,unknown_12,9,10,7,"[1,7,33,34,35,36,37]","[1,7,33,34,35,36,37]",7,1,37
12,unknown_12,9,11,8,"[1,7,33,34,35,36,37,38]","[1,7,33,34,35,36,37,38]",8,1,38
12,unknown_12,9,12,6,"[1,7,33,34,35,37]","[1,7,33,34,35,37]",6,1,37
12,unknown_12,9,13,7,"[1,7,33,34,35,37,38]","[1,7,33,34,35,37,38]",7,1,38
12,unknown_12,9,14,6,"[1,7,33,34,35,38]","[1,7,33,34,35,38]",6,1,38
12,unknown_12,9,15,4,"[1,33,34,35]","[1,33,34,35]",4,1,35
12,unknown_12,9,16,5,"[1,33,34,35,36]","[1,33,34,35,36]",5,1,36
12,unknown_12,9,17,6,"[1,33,34,35,36,37]","[1,33,34,35,36,37]",6,1,37
12,unknown_12,9,18,7,"[1,33,34,35,36,37,38]","[1,33,34,35,36,37,38]",7,1,38
12,unknown_12,9,19,6,"[1,33,34,35,36,38]","[1,33,34,35,36,38]",6,1,38
12,unknown_12,9,20,5,"[1,33,34,35,37]","[1,33,34,35,37]",5,1,37
12,unknown_12,9,21,6,"[1,33,34,35,37,38]","[1,33,34,35,37,38]",6,1,38
12,unknown_12,9,22,5,"[1,33,34,35,38]","[1,33,34,35,38]",5,1,38
12,unknown_12,9,23,3,"[1,33,35]","[1,33,35]",3,1,35
12,unknown_12,9,24,4,"[1,33,35,36]","[1,33,35,36]",4,1,36
12,unknown_12,9,25,5,"[1,33,35,36,37]","[1,33,35,36,37]",5,1,37
12,unknown_12,9,26,6,"[1,33,35,36,37,38]","[1,33,35,36,37,38]",6,1,38
12,unknown_12,9,27,5,"[1,33,35,36,38]","[1,33,35,36,38]",5,1,38
12,unknown_12,9,28,4,"[1,33,35,37]","[1,33,35,37]",4,1,37
12,unknown_12,9,29,5,"[1,33,35,37,38]","[1,33,35,37,38]",5,1,38
12,unknown_12,9,30,4,"[1,33,35,38]","[1,33,35,38]",4,1,38
12,unknown_12,9,31,3,"[1,34,35]","[1,34,35]",3,1,35
12,unknown_12,9,32,4,"[1,34,35,36]","[1,34,35,36]",4,1,36
12,unknown_12,9,33,5,"[1,34,35,36,37]","[1,34,35,36,37]",5,1,37
12,unknown_12,9,34,6,"[1,34,35,36,37,38]","[1,34,35,36,37,38]",6,1,38
12,unknown_12,9,35,5,"[1,34,35,36,38]","[1,34,35,36,38]",5,1,38
12,unknown_12,9,36,4,"[1,34,35,37]","[1,34,35,37]",4,1,37
12,unknown_12,9,37,5,"[1,34,35,37,38]","[1,34,35,37,38]",5,1,38
12,unknown_12,9,38,4,"[1,34,35,38]","[1,34,35,38]",4,1,38
12,unknown_12,9,39,2,"[1,35]","[1,35]",2,1,35
12,unknown_12,9,40,3,"[1,35,36]","[1,35,36]",3,1,36
12,unknown_12,9,41,4,"[1,35,36,37]","[1,35,36,37]",4,1,37
12,unknown_12,9,42,5,"[1,35,36,37,38]","[1,35,36,37,38]",5,1,38
12,unknown_12,9,43,4,"[1,35,36,38]","[1,35,36,38]",4,1,38
12,unknown_12,9,44,3,"[1,35,37]","[1,35,37]",3,1,37
12,unknown_12,9,45,4,"[1,35,37,38]","[1,35,37,38]",4,1,38
12,unknown_12,9,46,3,"[1,35,38]","[1,35,38]",3,1,38
12,unknown_12,9,47,1,[2],[2],1,2,2
12,unknown_12,9,48,9,"[2,5,7,33,34,35,36,37,38]","[2,5,7,33,34,35,36,37,38]",9,2,38
12,unknown_12,9,49,8,"[2,5,7,33,34,35,37,38]","[2,5,7,33,34,35,37,38]",8,2,38
12,unknown_12,9,50,7,"[2,5,7,33,34,35,38]","[2,5,7,33,34,35,38]",7,2,38
12,unknown_12,9,51,8,"[2,5,7,33,34,36,37,38]","[2,5,7,33,34,36,37,38]",8,2,38
12,unknown_12,9,52,7,"[2,5,7,33,34,37,38]","[2,5,7,33,34,37,38]",7,2,38
12,unknown_12,9,53,6,"[2,5,7,33,34,38]","[2,5,7,33,34,38]",6,2,38
12,unknown_12,9,54,8,"[2,5,33,34,35,36,37,38]","[2,5,33,34,35,36,37,38]",8,2,38
12,unknown_12,9,55,7,"[2,5,33,34,35,36,38]","[2,5,33,34,35,36,38]",7,2,38
12,unknown_12,9,56,7,"[2,5,33,34,35,37,38]","[2,5,33,34,35,37,38]",7,2,38
12,unknown_12,9,57,6,"[2,5,33,34,35,38]","[2,5,33,34,35,38]",6,2,38
12,unknown_12,9,58,7,"[2,5,33,34,36,37,38]","[2,5,33,34,36,37,38]",7,2,38
12,unknown_12,9,59,6,"[2,5,33,34,36,38]","[2,5,33,34,36,38]",6,2,38
12,unknown_12,9,60,6,"[2,5,33,34,37,38]","[2,5,33,34,37,38]",6,2,38
12,unknown_12,9,61,5,"[2,5,33,34,38]","[2,5,33,34,38]",5,2,38
12,unknown_12,9,62,7,"[2,5,33,35,36,37,38]","[2,5,33,35,36,37,38]",7,2,38
12,unknown_12,9,63,6,"[2,5,33,35,36,38]","[2,5,33,35,36,38]",6,2,38
12,unknown_12,9,64,6,"[2,5,33,35,37,38]","[2,5,33,35,37,38]",6,2,38
12,unknown_12,9,65,5,"[2,5,33,35,38]","[2,5,33,35,38]",5,2,38
12,unknown_12,9,66,6,"[2,5,33,36,37,38]","[2,5,33,36,37,38]",6,2,38
12,unknown_12,9,67,5,"[2,5,33,36,38]","[2,5,33,36,38]",5,2,38
12,unknown_12,9,68,5,"[2,5,33,37,38]","[2,5,33,37,38]",5,2,38
12,unknown_12,9,69,4,"[2,5,33,38]","[2,5,33,38]",4,2,38
12,unknown_12,9,70,7,"[2,5,34,35,36,37,38]","[2,5,34,35,36,37,38]",7,2,38
12,unknown_12,9,71,6,"[2,5,34,35,36,38]","[2,5,34,35,36,38]",6,2,38
12,unknown_12,9,72,6,"[2,5,34,35,37,38]","[2,5,34,35,37,38]",6,2,38
12,unknown_12,9,73,5,"[2,5,34,35,38]","[2,5,34,35,38]",5,2,38
12,unknown_12,9,74,6,"[2,5,34,36,37,38]","[2,5,34,36,37,38]",6,2,38
12,unknown_12,9,75,5,"[2,5,34,36,38]","[2,5,34,36,38]",5,2,38
12,unknown_12,9,76,5,"[2,5,34,37,38]","[2,5,34,37,38]",5,2,38
12,unknown_12,9,77,4,"[2,5,34,38]","[2,5,34,38]",4,2,38
12,unknown_12,9,78,6,"[2,5,35,36,37,38]","[2,5,35,36,37,38]",6,2,38
12,unknown_12,9,79,5,"[2,5,35,36,38]","[2,5,35,36,38]",5,2,38
12,unknown_12,9,80,5,"[2,5,35,37,38]","[2,5,35,37,38]",5,2,38
12,unknown_12,9,81,4,"[2,5,35,38]","[2,5,35,38]",4,2,38
12,unknown_12,9,82,5,"[2,5,36,37,38]","[2,5,36,37,38]",5,2,38
12,unknown_12,9,83,4,"[2,5,36,38]","[2,5,36,38]",4,2,38
12,unknown_12,9,84,4,"[2,5,37,38]","[2,5,37,38]",4,2,38
12,unknown_12,9,85,3,"[2,5,38]","[2,5,38]",3,2,38
12,unknown_12,9,86,4,"[2,7,33,34]","[2,7,33,34]",4,2,34
12,unknown_12,9,87,5,"[2,7,33,34,35]","[2,7,33,34,35]",5,2,35
12,unknown_12,9,88,7,"[2,7,33,34,35,36,37]","[2,7,33,34,35,36,37]",7,2,37
12,unknown_12,9,89,8,"[2,7,33,34,35,36,37,38]","[2,7,33,34,35,36,37,38]",8,2,38
12,unknown_12,9,90,6,"[2,7,33,34,35,37]","[2,7,33,34,35,37]",6,2,37
12,unknown_12,9,91,7,"[2,7,33,34,35,37,38]","[2,7,33,34,35,37,38]",7,2,38
12,unknown_12,9,92,6,"[2,7,33,34,35,38]","[2,7,33,34,35,38]",6,2,38
12,unknown_12,9,93,6,"[2,7,33,34,36,37]","[2,7,33,34,36,37]",6,2,37
12,unknown_12,9,94,7,"[2,7,33,34,36,37,38]","[2,7,33,34,36,37,38]",7,2,38
12,unknown_12,9,95,5,"[2,7,33,34,37]","[2,7,33,34,37]",5,2,37
12,unknown_12,9,96,6,"[2,7,33,34,37,38]","[2,7,33,34,37,38]",6,2,38
12,unknown_12,9,97,5,"[2,7,33,34,38]","[2,7,33,34,38]",5,2,38
12,unknown_12,9,98,2,"[2,33]","[2,33]",2,2,33
12,unknown_12,9,99,3,"[2,33,34]","[2,33,34]",3,2,34
12,unknown_12,9,100,4,"[2,33,34,35]","[2,33,34,35]",4,2,35
12,unknown_12,9,101,5,"[2,33,34,35,36]","[2,33,34,35,36]",5,2,36
12,unknown_12,9,102,6,"[2,33,34,35,36,37]","[2,33,34,35,36,37]",6,2,37
12,unknown_12,9,103,7,"[2,33,34,35,36,37,38]","[2,33,34,35,36,37,38]",7,2,38
12,unknown_12,9,104,6,"[2,33,34,35,36,38]","[2,33,34,35,36,38]",6,2,38
12,unknown_12,9,105,5,"[2,33,34,35,37]","[2,33,34,35,37]",5,2,37
12,unknown_12,9,106,6,"[2,33,34,35,37,38]","[2,33,34,35,37,38]",6,2,38
12,unknown_12,9,107,5,"[2,33,34,35,38]","[2,33,34,35,38]",5,2,38
12,unknown_12,9,108,4,"[2,33,34,36]","[2,33,34,36]",4,2,36
12,unknown_12,9,109,5,"[2,33,34,36,37]","[2,33,34,36,37]",5,2,37
12,unknown_12,9,110,6,"[2,33,34,36,37,38]","[2,33,34,36,37,38]",6,2,38
12,unknown_12,9,111,5,"[2,33,34,36,38]","[2,33,34,36,38]",5,2,38
12,unknown_12,9,112,4,"[2,33,34,37]","[2,33,34,37]",4,2,37
12,unknown_12,9,113,5,"[2,33,34,37,38]","[2,33,34,37,38]",5,2,38
12,unknown_12,9,114,4,"[2,33,34,38]","[2,33,34,38]",4,2,38
12,unknown_12,9,115,3,"[2,33,35]","[2,33,35]",3,2,35
12,unknown_12,9,116,4,"[2,33,35,36]","[2,33,35,36]",4,2,36
12,unknown_12,9,117,5,"[2,33,35,36,37]","[2,33,35,36,37]",5,2,37
12,unknown_12,9,118,6,"[2,33,35,36,37,38]","[2,33,35,36,37,38]",6,2,38
12,unknown_12,9,119,5,"[2,33,35,36,38]","[2,33,35,36,38]",5,2,38
12,unknown_12,9,120,4,"[2,33,35,37]","[2,33,35,37]",4,2,37
12,unknown_12,9,121,5,"[2,33,35,37,38]","[2,33,35,37,38]",5,2,38
12,unknown_12,9,122,4,"[2,33,35,38]","[2,33,35,38]",4,2,38
12,unknown_12,9,123,3,"[2,33,36]","[2,33,36]",3,2,36
12,unknown_12,9,124,4,"[2,33,36,37]","[2,33,36,37]",4,2,37
12,unknown_12,9,125,5,"[2,33,36,37,38]","[2,33,36,37,38]",5,2,38
12,unknown_12,9,126,4,"[2,33,36,38]","[2,33,36,38]",4,2,38
12,unknown_12,9,127,3,"[2,33,37]","[2,33,37]",3,2,37
12,unknown_12,9,128,4,"[2,33,37,38]","[2,33,37,38]",4,2,38
12,unknown_12,9,129,3,"[2,33,38]","[2,33,38]",3,2,38
12,unknown_12,9,130,2,"[2,34]","[2,34]",2,2,34
12,unknown_12,9,131,3,"[2,34,35]","[2,34,35]",3,2,35
12,unknown_12,9,132,4,"[2,34,35,36]","[2,34,35,36]",4,2,36
12,unknown_12,9,133,5,"[2,34,35,36,37]","[2,34,35,36,37]",5,2,37
12,unknown_12,9,134,6,"[2,34,35,36,37,38]","[2,34,35,36,37,38]",6,2,38
12,unknown_12,9,135,5,"[2,34,35,36,38]","[2,34,35,36,38]",5,2,38
12,unknown_12,9,136,4,"[2,34,35,37]","[2,34,35,37]",4,2,37
12,unknown_12,9,137,5,"[2,34,35,37,38]","[2,34,35,37,38]",5,2,38
12,unknown_12,9,138,4,"[2,34,35,38]","[2,34,35,38]",4,2,38
12,unknown_12,9,139,3,"[2,34,36]","[2,34,36]",3,2,36
12,unknown_12,9,140,4,"[2,34,36,37]","[2,34,36,37]",4,2,37
12,unknown_12,9,141,5,"[2,34,36,37,38]","[2,34,36,37,38]",5,2,38
12,unknown_12,9,142,4,"[2,34,36,38]","[2,34,36,38]",4,2,38
12,unknown_12,9,143,3,"[2,34,37]","[2,34,37]",3,2,37
12,unknown_12,9,144,4,"[2,34,37,38]","[2,34,37,38]",4,2,38
12,unknown_12,9,145,3,"[2,34,38]","[2,34,38]",3,2,38
12,unknown_12,9,146,2,"[2,35]","[2,35]",2,2,35
12,unknown_12,9,147,3,"[2,35,36]","[2,35,36]",3,2,36
12,unknown_12,9,148,4,"[2,35,36,37]","[2,35,36,37]",4,2,37
12,unknown_12,9,149,5,"[2,35,36,37,38]","[2,35,36,37,38]",5,2,38
12,unknown_12,9,150,4,"[2,35,36,38]","[2,35,36,38]",4,2,38
12,unknown_12,9,151,3,"[2,35,37]","[2,35,37]",3,2,37
12,unknown_12,9,152,4,"[2,35,37,38]","[2,35,37,38]",4,2,38
12,unknown_12,9,153,3,"[2,35,38]","[2,35,38]",3,2,38
12,unknown_12,9,154,2,"[2,36]","[2,36]",2,2,36
12,unknown_12,9,155,3,"[2,36,37]","[2,36,37]",3,2,37
12,unknown_12,9,156,4,"[2,36,37,38]","[2,36,37,38]",4,2,38
12,unknown_12,9,157,3,"[2,36,38]","[2,36,38]",3,2,38
12,unknown_12,9,158,2,"[2,37]","[2,37]",2,2,37
12,unknown_12,9,159,3,"[2,37,38]","[2,37,38]",3,2,38
12,unknown_12,9,160,2,"[2,38]","[2,38]",2,2,38
13,unknown_13,6,0,1,[5],[5],1,5,5
13,unknown_13,6,1,7,"[8,9,38,5,1,5,7]","[1,5,5,7,8,9,38]",6,1,38
13,unknown_13,6,2,8,"[38,5,1,5,7,9,38,4]","[1,4,5,5,7,9,38,38]",6,1,38
13,unknown_13,6,3,1,[5],[5],1,5,5
13,unknown_13,6,4,7,"[38,2,1,7,3,1,7]","[1,1,2,3,7,7,38]",5,1,38
13,unknown_13,6,5,8,"[4,1,7,8,9,5,1,7]","[1,1,4,5,7,7,8,9]",6,1,9
13,unknown_13,6,6,8,"[9,38,4,1,7,8,38,3]","[1,3,4,7,8,9,38,38]",7,1,38
13,unknown_13,6,7,1,[7],[7],1,7,7
13,unknown_13,6,8,9,"[4,1,7,9,38,3,1,7,38]","[1,1,3,4,7,7,9,38,38]",6,1,38
13,unknown_13,6,9,1,[2],[2],1,2,2
13,unknown_13,6,10,5,"[2,5,8,9,38]","[2,5,8,9,38]",5,2,38
13,unknown_13,6,11,2,"[2,8]","[2,8]",2,2,8
13,unknown_13,6,12,3,"[2,8,9]","[2,8,9]",3,2,9
13,unknown_13,6,13,4,"[2,8,9,38]","[2,8,9,38]",4,2,38
13,unknown_13,6,14,3,"[2,8,38]","[2,8,38]",3,2,38
13,unknown_13,6,15,2,"[2,9]","[2,9]",2,2,9
13,unknown_13,6,16,3,"[2,9,38]","[2,9,38]",3,2,38
13,unknown_13,6,17,2,"[2,38]","[2,38]",2,2,38
14,unknown_14,1,0,1,[4],[4],1,4,4
14,unknown_14,1,1,1,[5],[5],1,5,5
14,unknown_14,1,2,18,"[40,3,1,5,40,2,1,18,3,1,18,40,2,1,39,2,1,40]","[1,1,1,1,1,2,2,2,3,3,5,18,18,39,40,40,40,40]",7,1,40
14,unknown_14,1,3,1,[2],[2],1,2,2
14,unknown_14,1,4,4,"[2,5,18,40]","[2,5,18,40]",4,2,40
14,unknown_14,1,5,3,"[2,5,40]","[2,5,40]",3,2,40
14,unknown_14,1,6,2,"[2,18]","[2,18]",2,2,18
14,unknown_14,1,7,3,"[2,18,40]","[2,18,40]",3,2,40
14,unknown_14,1,8,2,"[2,39]","[2,39]",2,2,39
14,unknown_14,1,9,2,"[2,40]","[2,40]",2,2,40
15,unknown_15,1,0,1,[2],[2],1,2,2
15,unknown_15,1,1,1,[4],[4],1,4,4
15,unknown_15,1,2,3,"[1,4,18]","[1,4,18]",3,1,18
15,unknown_15,1,3,5,"[1,4,18,41,43]","[1,4,18,41,43]",5,1,43
15,unknown_15,1,4,4,"[1,4,18,42]","[1,4,18,42]",4,1,42
15,unknown_15,1,5,5,"[1,4,18,42,43]","[1,4,18,42,43]",5,1,43
15,unknown_15,1,6,4,"[1,4,18,43]","[1,4,18,43]",4,1,43
15,unknown_15,1,7,3,"[1,4,42]","[1,4,42]",3,1,42
15,unknown_15,1,8,4,"[1,4,42,43]","[1,4,42,43]",4,1,43
15,unknown_15,1,9,3,"[1,4,43]","[1,4,43]",3,1,43
15,unknown_15,1,10,2,"[1,6]","[1,6]",2,1,6
15,unknown_15,1,11,3,"[1,6,18]","[1,6,18]",3,1,18
15,unknown_15,1,12,6,"[1,6,18,41,42,43]","[1,6,18,41,42,43]",6,1,43
15,unknown_15,1,13,5,"[1,6,18,41,43]","[1,6,18,41,43]",5,1,43
15,unknown_15,1,14,4,"[1,6,18,42]","[1,6,18,42]",4,1,42
15,unknown_15,1,15,5,"[1,6,18,42,43]","[1,6,18,42,43]",5,1,43
15,unknown_15,1,16,4,"[1,6,18,43]","[1,6,18,43]",4,1,43
15,unknown_15,1,17,3,"[1,6,42]","[1,6,42]",3,1,42
15,unknown_15,1,18,4,"[1,6,42,43]","[1,6,42,43]",4,1,43
15,unknown_15,1,19,3,"[1,6,43]","[1,6,43]",3,1,43
15,unknown_15,1,20,2,"[1,18]","[1,18]",2,1,18
15,unknown_15,1,21,5,"[1,18,41,42,43]","[1,18,41,42,43]",5,1,43
15,unknown_15,1,22,4,"[1,18,41,43]","[1,18,41,43]",4,1,43
15,unknown_15,1,23,3,"[1,18,42]","[1,18,42]",3,1,42
15,unknown_15,1,24,4,"[1,18,42,43]","[1,18,42,43]",4,1,43
15,unknown_15,1,25,3,"[1,18,43]","[1,18,43]",3,1,43
15,unknown_15,1,26,2,"[1,42]","[1,42]",2,1,42
15,unknown_15,1,27,3,"[1,42,43]","[1,42,43]",3,1,43
15,unknown_15,1,28,2,"[1,43]","[1,43]",2,1,43
15,unknown_15,1,29,1,[2],[2],1,2,2
15,unknown_15,1,30,2,"[2,4]","[2,4]",2,2,4
15,unknown_15,1,31,3,"[2,4,18]","[2,4,18]",3,2,18
15,unknown_15,1,32,4,"[2,4,18,41]","[2,4,18,41]",4,2,41
15,unknown_15,1,33,5,"[2,4,18,41,42]","[2,4,18,41,42]",5,2,42
15,unknown_15,1,34,6,"[2,4,18,41,42,43]","[2,4,18,41,42,43]",6,2,43
15,unknown_15,1,35,5,"[2,4,18,41,43]","[2,4,18,41,43]",5,2,43
15,unknown_15,1,36,4,"[2,4,18,42]","[2,4,18,42]",4,2,42
15,unknown_15,1,37,5,"[2,4,18,42,43]","[2,4,18,42,43]",5,2,43
15,unknown_15,1,38,4,"[2,4,18,43]","[2,4,18,43]",4,2,43
15,unknown_15,1,39,3,"[2,4,41]","[2,4,41]",3,2,41
15,unknown_15,1,40,4,"[2,4,41,42]","[2,4,41,42]",4,2,42
15,unknown_15,1,41,5,"[2,4,41,42,43]","[2,4,41,42,43]",5,2,43
15,unknown_15,1,42,4,"[2,4,41,43]","[2,4,41,43]",4,2,43
15,unknown_15,1,43,3,"[2,4,42]","[2,4,42]",3,2,42
15,unknown_15,1,44,4,"[2,4,42,43]","[2,4,42,43]",4,2,43
15,unknown_15,1,45,3,"[2,4,43]","[2,4,43]",3,2,43
15,unknown_15,1,46,2,"[2,6]","[2,6]",2,2,6
15,unknown_15,1,47,3,"[2,6,18]","[2,6,18]",3,2,18
15,unknown_15,1,48,4,"[2,6,18,41]","[2,6,18,41]",4,2,41
15,unknown_15,1,49,5,"[2,6,18,41,42]","[2,6,18,41,42]",5,2,42
15,unknown_15,1,50,6,"[2,6,18,41,42,43]","[2,6,18,41,42,43]",6,2,43
15,unknown_15,1,51,5,"[2,6,18,41,43]","[2,6,18,41,43]",5,2,43
15,unknown_15,1,52,4,"[2,6,18,42]","[2,6,18,42]",4,2,42
15,unknown_15,1,53,5,"[2,6,18,42,43]","[2,6,18,42,43]",5,2,43
15,unknown_15,1,54,4,"[2,6,18,43]","[2,6,18,43]",4,2,43
15,unknown_15,1,55,3,"[2,6,41]","[2,6,41]",3,2,41
15,unknown_15,1,56,4,"[2,6,41,42]","[2,6,41,42]",4,2,42
15,unknown_15,1,57,5,"[2,6,41,42,43]","[2,6,41,42,43]",5,2,43
15,unknown_15,1,58,4,"[2,6,41,43]","[2,6,41,43]",4,2,43
15,unknown_15,1,59,3,"[2,6,42]","[2,6,42]",3,2,42
15,unknown_15,1,60,4,"[2,6,42,43]","[2,6,42,43]",4,2,43
15,unknown_15,1,61,3,"[2,6,43]","[2,6,43]",3,2,43
15,unknown_15,1,62,2,"[2,18]","[2,18]",2,2,18
15,unknown_15,1,63,3,"[2,18,41]","[2,18,41]",3,2,41
15,unknown_15,1,64,4,"[2,18,41,42]","[2,18,41,42]",4,2,42
15,unknown_15,1,65,5,"[2,18,41,42,43]","[2,18,41,42,43]",5,2,43
15,unknown_15,1,66,4,"[2,18,41,43]","[2,18,41,43]",4,2,43
15,unknown_15,1,67,3,"[2,18,42]","[2,18,42]",3,2,42
15,unknown_15,1,68,4,"[2,18,42,43]","[2,18,42,43]",4,2,43
15,unknown_15,1,69,3,"[2,18,43]","[2,18,43]",3,2,43
15,unknown_15,1,70,2,"[2,41]","[2,41]",2,2,41
15,unknown_15,1,71,3,"[2,41,42]","[2,41,42]",3,2,42
15,unknown_15,1,72,4,"[2,41,42,43]","[2,41,42,43]",4,2,43
15,unknown_15,1,73,3,"[2,41,43]","[2,41,43]",3,2,43
15,unknown_15,1,74,2,"[2,42]","[2,42]",2,2,42
15,unknown_15,1,75,3,"[2,42,43]","[2,42,43]",3,2,43
15,unknown_15,1,76,2,"[2,43]","[2,43]",2,2,43
16,unknown_16,1,0,1,[2],[2],1,2,2
16,unknown_16,1,1,1,[22],[22],1,22,22
16,unknown_16,1,2,3,"[1,22,44]","[1,22,44]",3,1,44
16,unknown_16,1,3,3,"[1,22,45]","[1,22,45]",3,1,45
16,unknown_16,1,4,2,"[1,45]","[1,45]",2,1,45
16,unknown_16,1,5,1,[2],[2],1,2,2
16,unknown_16,1,6,2,"[2,22]","[2,22]",2,2,22
16,unknown_16,1,7,3,"[2,22,44]","[2,22,44]",3,2,44
16,unknown_16,1,8,3,"[2,22,45]","[2,22,45]",3,2,45
16,unknown_16,1,9,2,"[2,45]","[2,45]",2,2,45
